{
  "/cam_distance": {"value": 7303.43212890625},
  "/cam_rotate_y": {"value": 0.9109871983528137},
  "/cam_rotate_z": {"value": -0.21450161933898926},
  "/cam_lookat_y": {"value": -558.873779296875},
  "/cam_lookat_x": {"value": 132.44129943847656},
  "/cam_lookat_z": {"value": 567.8817749023438},
  "/cam_rotate_x": {"value": -1.2980276346206665}
}