{
  "/cam_distance": {"value": 14649.6181640625},
  "/cam_rotate_y": {"value": 0.6694908738136292},
  "/cam_rotate_z": {"value": -0.8670346140861511},
  "/cam_lookat_y": {"value": -3369.5263671875},
  "/cam_lookat_x": {"value": -4639.13134765625},
  "/cam_lookat_z": {"value": -2492.977783203125},
  "/cam_rotate_x": {"value": -0.49308541417121887}
}