{
  "/cam_distance": {"value": 7932.37939453125},
  "/cam_rotate_y": {"value": 0.6647061109542847},
  "/cam_rotate_z": {"value": -0.7228619456291199},
  "/cam_lookat_y": {"value": -766.1903076171875},
  "/cam_lookat_x": {"value": 43.35710525512695},
  "/cam_lookat_z": {"value": 1537.8028564453125},
  "/cam_rotate_x": {"value": -0.5648570656776428}
}