{
  "/cam_distance": {"value": 1446.3414306640625},
  "/cam_rotate_y": {"value": 0.7013394236564636},
  "/cam_rotate_z": {"value": -1.1603692770004272},
  "/cam_lookat_y": {"value": -337.8032531738281},
  "/cam_lookat_x": {"value": 292.2414855957031},
  "/cam_lookat_z": {"value": 380.36175537109375},
  "/cam_rotate_x": {"value": -0.251550555229187}
}