{
  "/cam_distance": {"value": 11896.69140625},
  "/cam_rotate_y": {"value": 0.481542706489563},
  "/cam_rotate_z": {"value": -1.0373512506484985},
  "/cam_lookat_y": {"value": -1606.4700927734375},
  "/cam_lookat_x": {"value": -2165.778076171875},
  "/cam_lookat_z": {"value": -544.4085083007812},
  "/cam_rotate_x": {"value": -0.26896530389785767}
}