GROUP,DEVICE,NUM,UID,,X,Y,Z,T_X,T_Y,T_Z,PI IP,NODE ID,DEVICE_TYPE,CONFIG,INSTALLED,NODE_TYPE,CONTROL IP
TG:2:MU:3,MO,5,26,,-341.3132583,-310.255506,625.9104029,218302.2279,11893.1642,3914.298384,10.20.67.227,379776,actuator,,,MU,10.20.67.224
TG:2:MU:3,MO,6,31,,-363.9861583,-422.510606,531.8061479,218302.2279,11893.1642,3914.298384,10.20.67.227,379776,actuator,,,MU,10.20.67.224
TG:2:MU:3,MO,4,21,,-207.9434583,-291.122456,687.7003179,218302.2279,11893.1642,3914.298384,10.20.67.227,379776,actuator,,,MU,10.20.67.224
TG:2:MU:3,MO,3,6,,-97.25815828,-384.288856,655.4282249,218302.2279,11893.1642,3914.298384,10.20.67.227,379776,actuator,,,MU,10.20.67.224
TG:2:MU:3,MO,1,25,,-253.2985583,-515.661586,499.5188329,218302.2279,11893.1642,3914.298384,10.20.67.227,379776,actuator,,,MU,10.20.67.224
TG:2:MU:3,MO,2,32,,-119.9460583,-496.568066,561.3526609,218302.2279,11893.1642,3914.298384,10.20.67.227,379776,actuator,,,MU,10.20.67.224
TG:2:MU:3,DR,2,22,,-241.2778,-202.8306,753.4955,0,0,0,10.20.67.227,379776,actuator,BOTTOMPIN 23;,,MU,10.20.67.224
GN:2:GN:3,GE,1,18,,-140.8438583,-164.437206,48.2261999,218302.2279,11893.1642,3914.298384,10.20.67.227,393051,sensor,,,GN,10.20.67.224